{
  "productos": [
    {
      "id": "1",
      "Nombre": "Acido hialurónico",
      "Precio": "20",
      "image": "https://juleriaque.vtexassets.com/arquivos/ids/220577-1200-auto?v=638297069019700000&width=1200&height=auto&aspect"
    },
    {
      "id": "2",
      "Nombre": "Base y labial",
      "Precio": "90",
      "image": "https://juleriaque.vtexassets.com/arquivos/ids/230070-1600-auto?v=638501010113200000&width=1600&height=auto&aspect"
    },
    {
      "id": "3",
      "Nombre": "Base líquida",
      "Precio": "80",
      "image": "https://juleriaque.vtexassets.com/arquivos/ids/206569-800-auto?v=638085775918600000&width=800&height=auto&aspect"
    },
    {
      "id": "03f4",
      "Nombre": "Bufanda",
      "Precio": "55",
      "image": "https://jackiesmith.com.ar/cdn/shop/files/BTX2275ALA14VTU_BAJA_A_5d628aa8-3448-4858-b0bb-d880610a4e2d.jpg?v=1715715446&width=1800"
    },
    {
      "id": "3acf",
      "Nombre": "Campera",
      "Precio": "80",
      "image": "https://jackiesmith.com.ar/cdn/shop/files/CJ50816NAA01Q_BAJA_A.jpg?v=1715700664&width=1800"
    }
  ]
}